function,dim,population,iterations,fitnesses,stats
F11,20,500,200,"[20.212361563680354, 20.55376089717585, 19.92098046747369, 20.236075474006245, 20.76133175281231, 20.35601463159831, 20.22186358934998, 20.114403421395327, 20.484106801441918, 20.60187708051771]","(20.359080386635387, 20.359080386635387, 20.359080386635387, 20.359080386635387, 20.359080386635387)"
