function,dim,population,iterations,fitnesses,stats
function,dim,population,iterations,fitnesses,stats
function,dim,population,iterations,fitnesses,stats
F17,20,500,200,"[4758.583786606912, 4902.223583037807, 4993.628152296831, 4934.253372388761, 4794.252500251602, 4956.591368731262, 4865.7640040918905, 5686.243274384342, 4794.252502001829, 4989.693243585663]","(4895.026366956856, 4895.026366956856, 4895.026366956856, 4895.026366956856, 4895.026366956856)"
