function,dim,population,iterations,fitnesses,stats
F19,20,500,200,"[3565.3033839669315, 3716.287807822452, 3559.0888275088796, 3597.3575616760154, 4232.028891230228, 4183.594934677145, 3559.074797323579, 3567.122281294784, 3716.8384118891495, 3559.0633333846595]","(3784.326589703611, 3784.326589703611, 3784.326589703611, 3784.326589703611, 3784.326589703611)"
