function,dim,population,iterations,fitnesses,stats
F3,20,500,200,"[1.6537414156009898, 0.0007880377086499912, 2.0140866813583655, 3.0284972314795495, 1.6739806900687786, 0.0007555334495177313, 1.014819424609694, 1.0203724024491845, 3.0344678759246215, 0.12396402531437394]","(0.8175781205754694, 1.9160305788320189, 1.4559626236258967, 1.9160305788320189, 1.9160305788320189)"
