function,dim,population,iterations,fitnesses,stats
F5,20,500,200,"[356075.8781702209, 310921.8431208095, 2863075.5455230977, 52943.913726756306, 2864936.155842598, 514209.608515462, 2860799.446457524, 1095853.5846733076, 1001547.8200326267, 5541.480165897291]","(872603.1233452158, 872603.1233452158, 872603.1233452158, 872603.1233452158, 872603.1233452158)"
