function,dim,population,iterations,fitnesses,stats
F11,100,500,200,"[177.72186903469483, 174.17906675102208, 179.55536012047668, 171.59711804388962, 182.49681797940096, 180.5845166370731, 173.11486829627844, 179.40729426154218, 172.02176537537883, 168.30873239797015]","(172.4168463423221, 173.103469329096, 176.11592810392244, 178.31429720724535, 180.62732627983218)"
F11,100,1000,200,"[178.57342683970847, 170.67553677990026, 173.7828647652939, 165.80635294251206, 175.66455284841615, 174.43161283863412, 165.40983398686063, 177.0813437257084, 173.8043430820771, 172.1894956119647]","(169.68390852199568, 170.1143234295048, 172.51210337010477, 175.26768328596748, 175.84618105957483)"
