function,dim,population,iterations,fitnesses,stats
F19,100,500,200,"[570408.489566754, 560759.380716371, 580405.4250718555, 633036.0545391068, 782142.9910302024, 643640.3351738465, 707592.5476037017, 456265.2507863372, 378140.4980946842, 501816.42283284815]","(489059.0263381391, 509774.80974431225, 583544.4134531986, 648436.9965924877, 677083.4445178931)"
F19,100,1000,200,"[503185.2065694064, 503411.8092832776, 492243.8750917364, 558123.2627561216, 472303.51211222395, 425961.84215961985, 628366.2833126263, 645744.621010895, 490105.75587592553, 413969.1648829536]","(462087.67216156237, 470304.0827860556, 514147.0022930759, 563783.8250892238, 587638.880710874)"
