function,dim,population,iterations,fitnesses,stats
F1,100,500,200,"[17302251765.356285, 17872076696.4672, 16141490803.318644, 15785364170.355131, 17627979980.24544, 18230038330.560253, 17287864096.398026, 19183509016.763348, 17137397857.211426, 18968618295.102715]","(16721256819.785877, 16948729490.111914, 17581090458.02605, 18173617922.897163, 18457206446.241146)"
F1,100,1000,200,"[19098706780.91164, 17126660960.309063, 17816449525.053627, 17804988915.922096, 17563171661.37696, 17503983382.885002, 18209020522.11608, 17866192833.00316, 17701978647.51318, 18408943300.289158]","(17463936424.809097, 17590495664.728924, 17926802137.699257, 18305158791.34942, 18445206695.366646)"
