population,iterations,fitness,stats
200,500,"[5860824262.738846, 6158338783.104366, 5532905093.89708, 5642073796.078845, 7125492913.318534, 5398790534.838912, 5981807302.142474, 6416569211.680296, 5456212973.009683, 4762544261.619204]","(5324424963.321512, 5512988004.294426, 5841756334.336087, 6251283475.836172, 6374363618.992824)"
