function,dim,population,iterations,fitnesses,stats
F20,100,500,200,"[124796724600.74237, 122570046952.88608, 123741014681.90147, 123385879164.66235, 110112403336.3664, 133608498057.73016, 123828554200.72032, 129799151372.84842, 122703863223.59775, 120581241315.0628]","(118443546122.54427, 119590977291.94714, 123524953404.09799, 126795100213.2201, 128410357880.91447)"
F20,100,1000,200,"[121254558963.50008, 108790795243.78285, 126017780805.23827, 118443639075.64435, 113980797768.91731, 122970547604.55498, 123311315910.51799, 115916124336.81685, 115195649216.79147, 120616709781.75018]","(113709815641.25171, 115568864219.60849, 118591512739.98723, 121846821354.70381, 122421645347.11345)"
