function,dim,population,iterations,fitnesses,stats
F3,100,500,200,"[21.31086190997618, 21.282548181256836, 21.249107083735755, 21.31856271959712, 21.27579927024151, 21.315357062306763, 21.230888822603287, 21.308147545533707, 21.290985675492678, 21.252613437796906]","(21.258783347716204, 21.26299088775697, 21.283230844698092, 21.299032439417857, 21.3083549887473)"
F3,100,1000,200,"[21.29288598624839, 21.263432447636234, 21.20544252712822, 21.262830316192694, 21.257817926477546, 21.27766095445213, 21.276810676593133, 21.22930348144924, 21.219653849648477, 21.284613828676452]","(21.22647960991431, 21.2378820746964, 21.256876522427522, 21.274247651894548, 21.278797758055937)"
