function,dim,population,iterations,fitnesses,stats
F9,100,500,200,"[10073486970.065022, 10185908237.10913, 10318962510.369415, 10316846860.479397, 10276568369.558434, 9414885656.911472, 9927544218.715218, 10884249489.416145, 9658828649.893076, 9007240307.087431]","(9440193642.59927, 9687732243.131683, 9998223911.702177, 10297866157.86517, 10484434205.16265)"
F9,100,1000,200,"[10154931024.713552, 10073782789.680994, 10014265285.63546, 9698027826.877707, 10220896435.06648, 9319801370.370678, 10426500881.22657, 8930767673.797293, 9542769474.031082, 9611797036.85691]","(9466831251.669142, 9547634528.404705, 9806433724.303652, 10070136254.384598, 10158388330.485826)"
