{"name": "ackley-1", "statistics": [0.43816979619396335, 0.47143178857048484, 0.5285660887705667, 0.5800443641725971, 0.6064043712927459], "fitnesses": [0.8127965579319079, 0.5619144993943057, 0.33493117565275954, 0.7634349862254628, 0.4150013396685961, 0.26495945608293825, 0.5578293115104072, 0.9246842895787073, 0.7305544103516479, 0.462897272697703, 0.5965689872579394, 0.6048602743826206, 0.8396945704767025, 0.30723423741503497, 0.858184805830057, 0.6897915945443498, 0.36116044697957905, 0.25690745184692476, 0.4632877587073989, 0.43479616855838943, 0.4129131636711212, 0.64004146883395, 0.595425685530405, 0.35967041718990034, 0.8296559398808054, 0.615501289530052, 0.7672423981797576, 0.49222687861530234, 0.1508292992073419, 0.6572556823543505, 0.6004290029358867, 0.4103569282593438, 0.5101829462949259, 0.26043925300797754, 0.544599935153347, 0.6998135060286157, 0.5327503396643363, 0.4437733513654796, 0.3584046107887251, 0.6065311265160926, 0.5119429698171847, 0.5021103260822319, 0.7118104916212471, 0.7531380715286997, 0.03060490480535849, 0.3396832637289511, 0.4476694526959837, 0.9169282414817457, 0.2820366433094681, 0.3067916480933488]}