PSO Avg, PSO SD, CCEA Avg, CCEA SD, FEA Avg, FEA SD, Spectral Avg, Spectral SD, MEET Avg, MEET SD
F3,20.9807584303677, 0.07935748476410551, 13.21288555107024, 9.34357882067742, 6.318726163048432, 7.594657745931893, 6.621031818869956, 9.363595684109491, 8.531447153675092e-14, 1.5390030930336976e-14
F5,15108733.562423363, 7141241.2674688, 18554073.55256744, 13207314.119359974, 17073764.02724795, 25538185.531494427, 25584489.73504525, 27851776.218593918, 15246668.231275745, 8209487.068600222
F11,93.79128445981351, 2.7068840602207414, 40.435984101453194, 20.555616441593983, 17.424914684325476, 9.917620733316145, 55.5387854881208, 9.861568970962287, 35.11735625603345, 15.043188704641173
F17,143703.62706526628, 8287.313148464531, 16172.376658202511, 4726.382827015262, 12966.995712570106, 3185.789090819229, 14250.60362969619, 4038.076192433633, 12638.201923342625, 2011.2432916396062
F19,143480.28539722666, 10475.279725520684, 120804.07213817567, 25156.69320984294, 69176.4064275275, 12157.13024831827, 120296.4772715959, 26450.267579817406, 112654.76756377761, 44335.61208787636
