, PSO, sd, CCEA (DG), sd, ODG, sd, Spectral, sd, MEET, sd
F5, 1192590.52762283, 1142856.657215233, 19657910.868266273, 13534661.631666003, 26369799.239926398, 23824077.49463515, 31638828.695323274, 30746099.959387474, 12820554.110838963, 5435355.446170099
F11, 20.34627756794517, 0.2408198925360834, 9.275066412467565, 11.137327137768247, 15.566198197059261, 10.16243629667451, 9.215431354392805, 3.585010664314627, 11.337757405889745, 6.271585742673911
F17, 4967.548578737691, 252.44366246467845, 6847.342453305408, 3588.445085227802, 6099.676198589627, 2105.3132540942033, 5946.349070250543, 1449.411512134595, 7405.73859043849, 4445.873786094652
F19, 3725.576023077382, 248.3627285053317, 60710.090891464664, 17871.024847850218, 34090.527470227054, 13946.358622598851, 57195.354485118776, 39481.3298046253, 29680.480186683668, 17296.068887526817