, PSO, sd, CCEA (DG), sd, ODG, sd, Spectral, sd, MEET, sd
F3,20.9807584303677, 0.07935748476410551, 19.32229900158382, 2.6987648798493105, 20.254978342569544, 0.04696501073596743, 8.0270100037891, 8.662240030320678, 1.4255549393234665e-05, 3.345841054662316e-06
F5,15108733.562423363, 7141241.2674688, 104039687.5609307, 201773203.21294546, 36807620.3250486, 59222011.330868915, 13738824.702972943, 11028024.260191772, 14447926.176766997, 9132229.641725859
F11,93.79128445981351, 2.7068840602207414, 40.04288842917302, 8.770010825581524, 41.3135020614203, 12.0903912785992, 53.97121991662935, 5.958283609661343, 30.980875113907658, 9.882182725844734
F17,143703.62706526628, 8287.313148464531, 15246.634212105826, 10299.58536528246, 8084.536875041433, 8516.984948990583, 18179.106815514602, 3493.542042778628, 13610.189832298933, 2300.9080227326813
F19,143480.28539722666, 10475.279725520684, 247928.16387633, 94717.34850369969, 96783.49751059918, 11234.178144900146, 139137.3768920749, 30889.370697173817, 119115.63338720392, 25833.741932445224